Index,Context Length,Target Length,Memorized
Final Summary,50,50,"Total Memorized: 0.0, Index List: []"
Final Summary,50,100,"Total Memorized: 0.0, Index List: []"
Final Summary,50,200,"Total Memorized: 0.0, Index List: []"
Final Summary,50,500,"Total Memorized: 0.0, Index List: []"
Final Summary,100,50,"Total Memorized: 0.0, Index List: []"
Final Summary,100,100,"Total Memorized: 0.0, Index List: []"
Final Summary,100,200,"Total Memorized: 0.0, Index List: []"
Final Summary,100,500,"Total Memorized: 0.0, Index List: []"
Final Summary,200,50,"Total Memorized: 0.0, Index List: []"
Final Summary,200,100,"Total Memorized: 0.0, Index List: []"
Final Summary,200,200,"Total Memorized: 0.0, Index List: []"
Final Summary,200,500,"Total Memorized: 0.0, Index List: []"
Final Summary,500,50,"Total Memorized: 0.0, Index List: []"
Final Summary,500,100,"Total Memorized: 0.0, Index List: []"
